scan,coarse_processing_time,coarse_rank,coarse_cum_error,fine_processing_time,fine_rank,fine_fitness,fine_rmse,fine_nb_inliers_correspondence_set
763620.ply,0.09474015235900879,6.0,0.8798638232175683,4.5458643436431885,3.0,1.0,0.001445144808055385,1799
763621.ply,0.07391238212585449,7.0,0.8786405595622644,5.440983295440674,4.0,1.0,0.0014903701280171524,1769
763638.ply,0.09220242500305176,16.0,1.0782324556273841,3.2467944622039795,,,,0
763640.ply,0.1098630428314209,11.0,0.9265063064601092,5.617022514343262,1.0,0.9996666666666667,0.006016917152217977,1033
763660.ply,0.0707554817199707,2.0,0.6359837620744941,2.1489672660827637,2.0,0.9996666666666667,0.0015940534598568948,2943
765199.ply,0.08037734031677246,3.0,0.5300994506573922,13.093013048171997,1.0,1.0,0.004536081727817986,864
765201.ply,0.07928824424743652,1.0,0.3297059994783422,10.257148504257202,1.0,1.0,0.0035440387263174803,1101
765202.ply,0.07062602043151855,1.0,0.3899901632846356,10.293904781341553,1.0,1.0,0.0040353352673530305,1040
767340.ply,0.07934832572937012,2.0,0.6995799444641718,4.015209674835205,1.0,0.9996666666666667,0.0018645677107423572,2133
767940.ply,0.10468721389770508,1.0,0.8492384957466048,1.1993956565856934,1.0,1.0,0.001267334129641788,2527
768552.ply,0.07386016845703125,9.0,0.574895737049512,23.820854663848877,2.0,0.8423333333333334,0.013185006580925604,418
770066.ply,0.12612056732177734,17.0,0.8313654863357898,12.73336124420166,6.0,0.908,0.011028960349116435,222
771612.ply,0.08060193061828613,2.0,0.2216756535153744,18.90092635154724,2.0,0.7443333333333333,0.012224014768678721,400
771615.ply,0.10495924949645996,1.0,0.22059467370263391,19.721325874328613,1.0,0.744,0.011526682843065702,419
771731.ply,0.07306694984436035,1.0,0.33913689663748486,9.399248123168945,1.0,1.0,0.00599524095349324,737
771736.ply,0.08060741424560547,1.0,0.2470237531689119,2.2299091815948486,1.0,0.9953333333333333,0.005292699314357518,1007
771742.ply,0.10158872604370117,28.0,0.871248105619696,20.159706592559814,16.0,0.5893333333333334,0.011970854151208589,384
772132.ply,0.07368612289428711,45.0,0.9749385492418959,37.80976700782776,1.0,0.9643333333333334,0.0069705656009951215,307
772144.ply,0.08511614799499512,1.0,0.09880518389263772,37.26423740386963,2.0,0.8943333333333333,0.01063712516200451,525
772732.ply,0.07327818870544434,26.0,0.9122140188284236,15.742089033126831,2.0,0.9813333333333333,0.009427258206497436,256
772733.ply,0.07388472557067871,26.0,0.9033522760151939,18.15569519996643,1.0,0.9723333333333334,0.01054612076218403,394
772734.ply,0.07845926284790039,25.0,0.9045218922347814,15.82686448097229,4.0,0.98,0.009133827509523892,177
772741.ply,0.07317662239074707,16.0,0.791879380088481,13.761509418487549,2.0,0.953,0.00980750403071934,597
772742.ply,0.13805556297302246,4.0,0.544313835761433,8.689212083816528,1.0,0.9826666666666667,0.00910322430962964,285
772745.ply,0.10434675216674805,18.0,0.8124441455037706,14.198410749435425,1.0,0.9556666666666667,0.010320842841133925,333
772749.ply,0.08003854751586914,17.0,0.8018608368862767,14.118366718292236,2.0,0.957,0.010078313577987842,376
772763.ply,0.07363080978393555,2.0,0.6809620167103545,6.788504362106323,2.0,0.9866666666666667,0.00811314196426179,497
772764.ply,0.07352662086486816,2.0,0.7060334136114309,7.81201434135437,2.0,1.0,0.0068518936821919335,394
772769.ply,0.07415127754211426,9.0,0.6904118394298814,18.044204235076904,1.0,0.9386666666666666,0.010585532518700399,279
772796.ply,0.07356429100036621,6.0,1.0674670669059598,0.5992553234100342,,,,1604
772797.ply,0.07994723320007324,6.0,1.1003843070625088,1.1319098472595215,,,,1596
772801.ply,0.08028531074523926,18.0,0.8105563339198326,15.129952430725098,5.0,0.9853333333333333,0.008714172592215241,228
772804.ply,0.09277057647705078,14.0,1.0000273234945307,7.176536321640015,,,,407
772805.ply,0.0736083984375,15.0,1.0025819732106076,7.444525241851807,,,,423
772809.ply,0.07720232009887695,16.0,0.8394047710197845,8.99222707748413,1.0,0.988,0.009443227370716607,289
772810.ply,0.08015894889831543,22.0,0.9096110473014885,11.385552883148193,1.0,0.991,0.00896743008099052,770
772840.ply,0.07367873191833496,4.0,1.091587378072026,1.6600217819213867,,,,2206
772841.ply,0.07350826263427734,4.0,1.0228239415438094,1.0903096199035645,,,,2125
774135.ply,0.07995152473449707,1.0,0.2907754385855498,11.290441751480103,1.0,1.0,0.005879138485074467,823
774596.ply,0.09142017364501953,18.0,1.012845719896354,9.481979608535767,,,,308
774935.ply,0.12861180305480957,82.0,1.216632876018658,28.195377588272095,,,,625
774937.ply,0.09068989753723145,3.0,0.2540227882763853,31.73735237121582,1.0,0.9953333333333333,0.009258954992515741,508
775262.ply,0.07431411743164062,217.0,7.8687874280576695,9.319538831710815,,,,754
775310.ply,0.08002400398254395,1.0,0.19173762875594386,29.339560747146606,1.0,1.0,0.007148317636514077,379
775316.ply,0.0734858512878418,5.0,0.7374233199096376,5.020496129989624,1.0,1.0,0.003892853080114128,1385
775318.ply,0.07420754432678223,1.0,0.1273272009506224,4.106697082519531,1.0,1.0,0.0039087638149837255,2144
775999.ply,0.0732877254486084,20.0,0.8749284113235388,10.345401287078857,7.0,0.7396666666666667,0.007448318165906477,535
776556.ply,0.07072663307189941,25.0,0.935001950579148,12.135628700256348,2.0,0.7963333333333333,0.011094223329619438,64
776560.ply,0.12609291076660156,3.0,0.5164589065136254,7.308215141296387,1.0,0.9713333333333334,0.009021521429514104,554
776572.ply,0.12337779998779297,1.0,0.3556140580502279,12.352539777755737,1.0,0.9223333333333333,0.011008878101428752,246
776840.ply,0.09982442855834961,5.0,0.2537423662887239,30.136297464370728,1.0,1.0,0.004038529334019779,1100
776935.ply,0.0730752944946289,6.0,0.9908857030587209,2.7973153591156006,4.0,1.0,0.0012511247825370217,2514
777043.ply,0.08454060554504395,2.0,0.3816717291650784,14.511767148971558,1.0,1.0,0.0039470973250248665,1101
777087.ply,0.08006954193115234,2.0,0.9383741984384516,1.0292291641235352,1.0,1.0,0.0015851425713820028,2962
777133.ply,0.07379150390625,3.0,0.9657570375950482,2.072176694869995,1.0,1.0,0.0022410259741661672,0
777135.ply,0.07463741302490234,3.0,0.260445792570519,31.687792778015137,1.0,1.0,0.005268494272249483,532
777141.ply,0.07361102104187012,13.0,0.7871648592478774,18.66640543937683,1.0,1.0,0.004898391476339752,981
777155.ply,0.07339954376220703,4.0,0.6455165089652366,18.327333211898804,1.0,0.814,0.011733719124473865,517
777217.ply,0.0801396369934082,1.0,0.31886440026992835,12.026702165603638,1.0,1.0,0.0032660044320144696,1114
777239.ply,0.08058309555053711,1.0,0.09086594826853327,10.25432538986206,1.0,1.0,0.0052202946384397745,1495
777240.ply,0.0732581615447998,5.0,0.5779330446273805,18.308950185775757,1.0,1.0,0.003973703907748205,1394
777253.ply,0.07340455055236816,1.0,0.5187543493269363,1.8264007568359375,1.0,1.0,0.0024596907326247656,2935
777551.ply,0.07383346557617188,40.0,1.3307623909196604,10.742575407028198,,,,1168
777553.ply,0.07529473304748535,2.0,0.4099471088252609,25.9644193649292,1.0,0.9996666666666667,0.007848910295074523,869
777942.ply,0.12404203414916992,7.0,0.45095028355106204,13.110934734344482,1.0,0.9123333333333333,0.010300456908458358,641
777945.ply,0.08048725128173828,3.0,0.8895881788772269,9.91827940940857,1.0,0.9976666666666667,0.007866908353705309,301
777948.ply,0.10988998413085938,2.0,0.7576908563384971,7.510970115661621,1.0,0.998,0.00750075801413426,440
777991.ply,0.07474851608276367,3.0,0.9751493785576024,2.4565446376800537,1.0,1.0,0.002306571163492399,1604
778082.ply,0.07550168037414551,4.0,0.8422397017106358,10.237064361572266,1.0,0.9996666666666667,0.005742160694828396,650
778091.ply,0.07245993614196777,19.0,1.1097757237131434,5.863981008529663,,,,466
778429.ply,0.07333540916442871,10.0,1.0486072140718072,4.311318397521973,,,,0
778448.ply,0.07346796989440918,1.0,0.3405255827302906,11.425282716751099,1.0,0.9016666666666666,0.006757643332740192,655
778504.ply,0.08430838584899902,4.0,0.2738363681110795,29.956029415130615,1.0,0.9913333333333333,0.008800739535316493,542
778632.ply,0.07387900352478027,1.0,0.4044989522756822,7.538517236709595,1.0,0.738,0.012487104315612747,300
778844.ply,0.0738213062286377,1.0,0.5230501888727821,3.6523125171661377,1.0,1.0,0.0022373393841737623,971
778897.ply,0.11639690399169922,1.0,0.4677469067602828,7.76997971534729,1.0,1.0,0.0025975925043777784,1640
778899.ply,0.07387399673461914,1.0,0.2947042849013098,5.158112525939941,1.0,1.0,0.0025616454068264597,1702
778906.ply,0.08525609970092773,1.0,0.28212637992817124,7.302524566650391,1.0,1.0,0.0031408639045940583,2073
778915.ply,0.07370853424072266,3.0,0.45106323587735037,6.111448287963867,1.0,0.9996666666666667,0.0039086724162752905,2321
778920.ply,0.07332110404968262,7.0,1.041370120767284,2.634366273880005,,,,2365
779434.ply,0.07396388053894043,3.0,0.4189610463347732,18.537786960601807,1.0,0.9966666666666667,0.008988407160983645,388
779530.ply,0.08871126174926758,2.0,0.3250324516851549,15.983059883117676,1.0,0.9186666666666666,0.007793806753489076,471
779533.ply,0.10433077812194824,3.0,0.32637497848145075,16.636985540390015,1.0,0.9296666666666666,0.007611992020908724,453
779545.ply,0.0866694450378418,3.0,0.679272264368087,7.623779058456421,1.0,0.8203333333333334,0.01126803742466457,259
779608.ply,0.08074498176574707,5.0,0.9414669122706008,1.492598533630371,3.0,1.0,0.0011129775373285087,2324
779699.ply,0.08040857315063477,2.0,0.5425952591776796,9.926573038101196,1.0,1.0,0.00424054922146878,1072
779815.ply,0.09181928634643555,4.0,0.31024373307174996,22.711456298828125,1.0,0.9143333333333333,0.00901692917819262,675
779861.ply,0.09999847412109375,2.0,0.3395520936909397,8.679910659790039,1.0,0.9946666666666667,0.008050740542176499,1004
780252.ply,0.08717012405395508,14.0,0.8188810057914769,12.07233190536499,2.0,0.849,0.01102984323216203,217
780254.ply,0.07064366340637207,10.0,0.638945735669747,15.201311588287354,1.0,0.9553333333333334,0.01086501636505932,196
780273.ply,0.07609176635742188,86.0,1.4113217272228133,40.029995918273926,,,,698
780279.ply,0.09171485900878906,1.0,0.4306576827066813,5.206832408905029,1.0,0.79,0.010413097888537176,475
780283.ply,0.08020567893981934,5.0,0.8067528495594984,5.4477198123931885,1.0,1.0,0.006660263498684806,654
780287.ply,0.07316946983337402,13.0,0.9446660780023608,7.97234034538269,1.0,0.971,0.009010211149174574,218
780288.ply,0.09409260749816895,24.0,0.8959328195765474,13.086884021759033,1.0,0.9163333333333333,0.010899419874294566,180
780295.ply,0.07350373268127441,28.0,0.9174798361602731,10.485573291778564,6.0,0.832,0.010230529009429624,137
780296.ply,0.0740194320678711,27.0,0.9324900768990471,10.904688119888306,3.0,0.87,0.010781867113135647,176
780299.ply,0.071624755859375,1.0,0.43909019595083476,8.120090961456299,4.0,0.8853333333333333,0.008408335024198651,1026
780300.ply,0.08460021018981934,2.0,0.41891909854006487,45.292640924453735,5.0,0.8806666666666667,0.008761117894622613,1016
780706.ply,0.07335519790649414,3.0,0.4973369489187755,23.52206015586853,2.0,0.9556666666666667,0.008910676351856259,731
780827.ply,0.07190275192260742,1.0,0.459840409391842,16.748535633087158,1.0,0.8126666666666666,0.010072901174595812,465
781070.ply,0.09124922752380371,5.0,0.48648353384945764,13.758659601211548,3.0,0.658,0.011132553684986496,209
781071.ply,0.08056378364562988,1.0,0.11593799734184225,14.665756702423096,3.0,0.5626666666666666,0.012244025014735859,309
781282.ply,0.08217191696166992,1.0,0.3232070261760797,7.502567529678345,1.0,1.0,0.0035213939797883445,1162
781613.ply,0.07431578636169434,20.0,1.0027044733241013,10.142879962921143,,,,1281
781744.ply,0.07988929748535156,1.0,0.5862751616159758,5.669469118118286,1.0,0.8936666666666667,0.009697578228905105,469
781831.ply,0.10814762115478516,16.0,0.671084249457845,30.497215270996094,6.0,0.7853333333333333,0.012446359580836284,493
781899.ply,0.1297740936279297,8.0,0.8802371062566221,8.710417747497559,1.0,0.9443333333333334,0.0066962220533483665,414
781912.ply,0.07334256172180176,6.0,0.34207459861582573,26.66457200050354,2.0,0.9916666666666667,0.007137652485668325,841
781914.ply,0.07403969764709473,5.0,0.578437001115697,8.691126585006714,1.0,0.998,0.006063384236036132,1143
781915.ply,0.07060074806213379,4.0,0.37177515416313417,30.634514093399048,3.0,0.995,0.0068378039661096965,889
781916.ply,0.0903785228729248,1.0,0.31723396814973387,26.557469367980957,1.0,1.0,0.006016192239016758,750
781917.ply,0.07315325736999512,1.0,0.32610756994122103,28.87220025062561,1.0,1.0,0.006591591926761366,723
781921.ply,0.07315516471862793,2.0,0.5530663934198496,17.08079195022583,1.0,0.8986666666666666,0.0077634869426653225,645
781923.ply,0.07849359512329102,6.0,0.3128796588102638,25.727401971817017,1.0,1.0,0.005789811503291617,742
781926.ply,0.0728607177734375,14.0,0.6598241571723539,29.38566279411316,1.0,0.9546666666666667,0.008852755530928074,434
782016.ply,0.07395291328430176,6.0,0.8927437598410235,10.14634370803833,1.0,0.9823333333333333,0.007688447914073187,315
782185.ply,0.0740664005279541,2.0,0.21479159655517377,14.37650728225708,1.0,0.988,0.006812976705216826,648
782438.ply,0.07394528388977051,1.0,0.5819632195619608,11.020160675048828,1.0,1.0,0.005048651433080195,617
783475.ply,0.07387971878051758,69.0,1.1204044879610806,15.447792530059814,,,,367
783595.ply,0.07308220863342285,4.0,0.37780423918823036,39.5880343914032,1.0,1.0,0.0077273584564598345,806
783596.ply,0.07413506507873535,1.0,0.21587078704947338,40.91120386123657,1.0,0.9936666666666667,0.009564189315881832,695
783617.ply,0.07330131530761719,1.0,0.18036464364868893,43.69154238700867,1.0,1.0,0.0066037456928683125,769
783619.ply,0.11431193351745605,1.0,0.3595109267048494,22.779794692993164,1.0,0.9993333333333333,0.008944751296564864,588
783854.ply,0.07388973236083984,1.0,0.40728525564670537,15.067115783691406,1.0,0.8536666666666667,0.011551290756349608,80
784049.ply,0.0738527774810791,3.0,0.9541933325870788,2.292292594909668,2.0,0.9996666666666667,0.0012563891737229615,1983
784111.ply,0.07720685005187988,1.0,0.20284388931762365,17.140869140625,1.0,1.0,0.00568257542617829,750
784856.ply,0.07457756996154785,15.0,0.6885287281347164,23.113858461380005,1.0,0.5893333333333334,0.012561019711057766,389
784907.ply,0.07341790199279785,67.0,1.2679878301435645,8.273678302764893,,,,244
785149.ply,0.07953858375549316,12.0,0.8266137079404655,19.42297601699829,1.0,0.8333333333333334,0.011026627446419109,303
785150.ply,0.07134771347045898,9.0,0.6729676079640737,23.20809292793274,5.0,0.7136666666666667,0.012030331380842677,292
785159.ply,0.08028244972229004,221.0,1.8735190843527738,30.663264989852905,,,,460
785169.ply,0.07257080078125,1.0,0.32272057214003763,29.941405296325684,1.0,0.9276666666666666,0.009514520482598867,483
785173.ply,0.07175421714782715,2.0,0.4272610904906382,21.34746289253235,1.0,0.9033333333333333,0.010837032158460444,395
785184.ply,0.07322406768798828,1.0,0.3298745922991742,8.571971893310547,1.0,0.68,0.012792814157598496,294
785185.ply,0.07118439674377441,304.0,3.117922739575119,13.565874338150024,,,,202
785682.ply,0.08804535865783691,2.0,0.42033536834483737,17.991394758224487,1.0,0.707,0.01181000346595514,255
785887.ply,0.07333064079284668,4.0,0.561413990660919,24.29218053817749,1.0,0.9996666666666667,0.009393978084159878,1024
785997.ply,0.07773852348327637,1.0,0.4934210112358054,7.07019567489624,3.0,0.8793333333333333,0.00800705847893535,1604
786001.ply,0.13619756698608398,1.0,0.2270700110060317,6.558091878890991,1.0,0.9186666666666666,0.007744306479960908,568
787629.ply,0.07320642471313477,1.0,0.3324397137653608,12.991151094436646,2.0,0.7273333333333334,0.01077552520879523,212
787761.ply,0.07555079460144043,1.0,0.2168600584606299,12.506025075912476,1.0,0.5553333333333333,0.012822672097626362,353
787913.ply,0.0736246109008789,7.0,0.5286723287401126,25.630099773406982,2.0,0.9243333333333333,0.009435710336742772,525
787914.ply,0.07331204414367676,9.0,0.5734412505927833,32.69203066825867,1.0,0.9203333333333333,0.010866111590173925,445
788695.ply,0.0737149715423584,11.0,0.9645807703579506,9.278887510299683,1.0,1.0,0.005827815605497767,584
788698.ply,0.07331395149230957,219.0,8.09802166671162,6.44171667098999,,,,710
788771.ply,0.0736837387084961,43.0,1.3717185799003546,13.931445121765137,,,,1198
788786.ply,0.09094548225402832,107.0,1.3869747339144072,23.792568683624268,,,,434
788794.ply,0.07375288009643555,5.0,0.8654615175136292,4.874987840652466,1.0,0.9993333333333333,0.006969377928844574,598
788905.ply,0.07334208488464355,12.0,0.9961463451379426,5.404898405075073,1.0,1.0,0.004998010054755057,606
788909.ply,0.08638310432434082,17.0,1.0110464582114718,8.200801134109497,,,,240
788916.ply,0.09258437156677246,32.0,0.9706981265922615,13.207225561141968,5.0,0.9533333333333334,0.009113367638539687,236
788920.ply,0.08993697166442871,7.0,0.7768115434454373,13.460039854049683,1.0,0.9833333333333333,0.00955108231035332,151
788923.ply,0.07302474975585938,4.0,0.5443698772991035,11.44013261795044,2.0,0.9996666666666667,0.007586134986953884,250
788926.ply,0.07969307899475098,1.0,0.2920258020698441,8.992917537689209,1.0,0.9526666666666667,0.010538658111217663,515
789366.ply,0.0732889175415039,10.0,0.6196698133818074,28.182252407073975,1.0,0.9906666666666667,0.007828267231153895,946
791705.ply,0.16187024116516113,2.0,0.42532803903615807,20.231154918670654,1.0,0.9996666666666667,0.004435784115886387,948
791713.ply,0.07363200187683105,1.0,0.7367813553708437,4.3780388832092285,1.0,1.0,0.003084304582181112,1721
791816.ply,0.07310342788696289,26.0,0.9454029964781345,11.412261962890625,1.0,0.8303333333333334,0.011470145679591226,162
791817.ply,0.07386994361877441,24.0,0.9243165291952837,10.233134269714355,1.0,0.8663333333333333,0.011320688351185972,108
791819.ply,0.07375741004943848,7.0,0.817716857014125,7.23863959312439,1.0,0.9496666666666667,0.010957073707438602,264
792161.ply,0.08493638038635254,11.0,0.4882594386240626,38.04682946205139,1.0,0.9366666666666666,0.010302634648673962,626
792350.ply,0.10314416885375977,3.0,0.6480230775836087,6.458860158920288,1.0,0.9786666666666667,0.007818134534794227,2157
792358.ply,0.07669925689697266,7.0,0.6233884851578958,6.720431804656982,2.0,0.9996666666666667,0.007698711447291661,1717
792429.ply,0.13062024116516113,9.0,0.6165213351213702,13.261386394500732,4.0,0.865,0.010256685643852206,373
792430.ply,0.0733799934387207,1.0,0.26256530906656195,23.773740768432617,1.0,0.969,0.01037060207545043,448
792440.ply,0.1333925724029541,9.0,0.652199777078407,28.1552472114563,2.0,0.959,0.007508247118316594,404
792441.ply,0.0776216983795166,12.0,0.6933266813831301,31.426307439804077,1.0,0.9623333333333334,0.0074361320232140754,633
792510.ply,0.09861421585083008,2.0,0.6433248122142878,3.6265761852264404,2.0,1.0,0.0018610769485667643,1754
792783.ply,0.07356572151184082,3.0,0.6073254550982116,2.6177453994750977,2.0,1.0,0.0026284941151345164,1959
792803.ply,0.12810754776000977,11.0,0.5257161523368816,38.31568908691406,2.0,1.0,0.006908834922857105,621
792937.ply,0.11037373542785645,1.0,0.20422346787377457,14.542219638824463,1.0,0.8793333333333333,0.0075407675144353705,733
793405.ply,0.07073283195495605,3.0,0.8224658278437192,1.4821069240570068,1.0,1.0,0.002455557019758354,2904
793426.ply,0.0734717845916748,11.0,0.5774910103710295,24.505351066589355,3.0,0.9786666666666667,0.007197284181883703,959
793548.ply,0.07406163215637207,1.0,0.23778937079028323,31.64520525932312,1.0,0.9996666666666667,0.007231577667672751,407
793646.ply,0.0750570297241211,1.0,0.43137786742250084,9.157816171646118,2.0,0.973,0.008965622063170206,482
793689.ply,0.1093294620513916,1.0,0.44367166292246757,2.1172139644622803,1.0,1.0,0.001933677551787422,2805
793768.ply,0.08051705360412598,1.0,0.4603346141612995,3.3343632221221924,1.0,1.0,0.001985932106396528,2097
793787.ply,0.07352733612060547,11.0,1.2005481131520792,2.219416618347168,,,,1090
793789.ply,0.07358169555664062,7.0,0.927039171955106,5.137677192687988,4.0,1.0,0.001576542010031958,2088
793791.ply,0.07360625267028809,3.0,1.0523014469950416,1.1275019645690918,,,,2181
793793.ply,0.07124996185302734,1.0,0.11232814577443874,22.799017429351807,1.0,0.9743333333333334,0.007900798005508842,657
793796.ply,0.07346510887145996,5.0,0.3673589175964429,37.03397464752197,1.0,0.9626666666666667,0.009389759185321917,641
793832.ply,0.11595797538757324,5.0,0.4603835868318022,33.807889461517334,2.0,0.8156666666666667,0.010091441034485416,520
793975.ply,0.0734567642211914,8.0,0.5629068636834114,14.58205270767212,1.0,0.9766666666666667,0.009946002204743924,268
793978.ply,0.07414603233337402,8.0,0.5001884424486105,16.19516086578369,1.0,0.9586666666666667,0.01024463635558237,389
793981.ply,0.07528567314147949,9.0,0.6573639929259562,13.72217845916748,1.0,0.911,0.010433946462083564,443
793982.ply,0.09421586990356445,7.0,0.4591250635656114,12.70545768737793,2.0,0.9183333333333333,0.010136458218675965,811
793997.ply,0.09109139442443848,13.0,0.8582305546172421,15.995160818099976,6.0,0.8816666666666667,0.010032432394557422,669
793998.ply,0.07407593727111816,3.0,0.6151210999393912,7.227083206176758,2.0,0.8903333333333333,0.00926337067390064,1001
793999.ply,0.08012008666992188,14.0,0.827293891544372,20.987061738967896,2.0,0.8726666666666667,0.01000358065040595,348
794008.ply,0.08431410789489746,39.0,0.9060680048265944,31.16189932823181,4.0,0.8983333333333333,0.008377689616897745,589
794262.ply,0.08256959915161133,1.0,0.26318529670562624,23.15807795524597,1.0,0.9956666666666667,0.007732956499472259,760
794273.ply,0.08544278144836426,61.0,1.3240590544572888,18.1629319190979,,,,934
794515.ply,0.13131380081176758,4.0,0.6704410537201386,9.717265129089355,3.0,0.8726666666666667,0.010473415956430929,1075
794516.ply,0.07755064964294434,1.0,0.18857795184623638,20.116031169891357,1.0,0.975,0.009005422963794384,637
794601.ply,0.08787918090820312,5.0,0.8306855047542566,4.913781404495239,2.0,1.0,0.0013101504223675187,1919
794679.ply,0.07449674606323242,11.0,1.007517380531698,5.275250434875488,,,,1748
794863.ply,0.08134055137634277,2.0,0.1210682468585534,22.06726861000061,2.0,0.835,0.011705360185808615,394
794864.ply,0.10195350646972656,2.0,0.35943071734319265,18.69233202934265,3.0,0.644,0.011728930917560445,386
794870.ply,0.16916179656982422,8.0,0.490060436706841,36.06620812416077,3.0,0.8896666666666667,0.010366969729293112,484
794871.ply,0.10227680206298828,2.0,0.26513570259541186,34.81206679344177,1.0,0.92,0.010704165714852687,378
798351.ply,0.09155607223510742,10.0,0.9858163141715837,5.138580560684204,7.0,1.0,0.001423416725876824,2010
798475.ply,0.07153701782226562,15.0,0.7402014316805781,36.31435751914978,1.0,0.951,0.008946905121040289,336
798480.ply,0.08903980255126953,155.0,2.1352881508288477,12.061612129211426,,,,268
798512.ply,0.12080669403076172,5.0,0.8980999437941408,5.799230337142944,4.0,1.0,0.0014696240211790528,1886
8063088.ply,0.09266901016235352,1.0,0.7281403604628534,2.076451539993286,1.0,0.9996666666666667,0.0020223533673989925,2309
8063089.ply,0.1007993221282959,1.0,0.6484417949208932,1.8954880237579346,1.0,1.0,0.0028198614224354797,2755
8087967.ply,0.08381104469299316,1.0,0.23794482099255143,14.261866092681885,1.0,0.884,0.008921580171416022,245
8088206.ply,0.08112788200378418,1.0,0.4009016012710635,9.773104429244995,2.0,0.979,0.007893886973403463,838
8088959.ply,0.07358479499816895,13.0,0.7039186594393206,30.469423055648804,1.0,0.896,0.009744529216756673,349
8089434.ply,0.08342146873474121,9.0,0.3731746214170478,32.52372860908508,1.0,1.0,0.006026277862420435,896
8091304.ply,0.0852813720703125,18.0,1.0824809241882747,5.361526250839233,,,,582
8091592.ply,0.08080530166625977,2.0,0.7587539512667574,7.521601676940918,1.0,0.75,0.010863983293457672,407
8091602.ply,0.07520127296447754,1.0,0.31697774474592494,13.477477788925171,1.0,0.993,0.009901992007688433,470
8091607.ply,0.09070754051208496,10.0,0.7255781850750501,13.195942163467407,7.0,0.834,0.009738731353934986,407
8091936.ply,0.09088706970214844,6.0,0.42970382499480647,33.03370428085327,1.0,1.0,0.006763297366964751,674
8092171.ply,0.13321208953857422,3.0,0.9654796798599208,0.7709963321685791,3.0,1.0,0.0011046190349582393,3000
8092190.ply,0.1251387596130371,4.0,0.9473783664870197,1.2302377223968506,2.0,1.0,0.0011671284984266725,2653
8092284.ply,0.0714564323425293,4.0,0.28406047855341926,29.3620343208313,1.0,1.0,0.0041213678409024665,846
8092901.ply,0.08460736274719238,1.0,0.33867460994419163,12.592591047286987,2.0,0.88,0.011072381166001188,374
8092992.ply,0.12214803695678711,200.0,2.344762518495756,24.709267139434814,,,,458
8093118.ply,0.09048318862915039,20.0,1.6509225582106721,1.5061707496643066,,,,2899
8093316.ply,0.08112740516662598,13.0,0.9814300647860628,8.10327434539795,4.0,0.9623333333333334,0.00621684173318843,486
8093514.ply,0.08787989616394043,6.0,0.4303559277423084,30.618643045425415,1.0,0.9653333333333334,0.007429275266239478,544
8094080.ply,0.10589599609375,45.0,1.153430645768872,20.68063521385193,,,,639
8095189.ply,0.0945584774017334,3.0,0.7574936642465451,8.63818097114563,2.0,0.7666666666666667,0.01075342086504823,395
8095212.ply,0.08560490608215332,2.0,0.5731894140456137,19.577253818511963,1.0,0.7866666666666666,0.010970513712691983,327
8095941.ply,0.0850989818572998,1.0,0.42495592484927364,4.390021800994873,1.0,1.0,0.004171111010471678,2288
8096342.ply,0.09438467025756836,1.0,0.33176055695566137,14.911388874053955,1.0,0.97,0.011250265806172798,525
8098446.ply,0.08929085731506348,1.0,0.22053615999090134,2.95778751373291,1.0,1.0,0.0024289751428380577,2630
8100966.ply,0.07739853858947754,1.0,0.7840087106895413,5.07261848449707,3.0,0.9806666666666667,0.00578961017789034,1042
8100969.ply,0.10217475891113281,3.0,0.3287477552498399,11.039987325668335,2.0,1.0,0.005582858112044813,402
8100975.ply,0.17448782920837402,2.0,0.5293584534043766,13.564714908599854,1.0,1.0,0.005847945255456903,686
8101572.ply,0.1221168041229248,7.0,0.9858863823701258,3.2494781017303467,5.0,0.9556666666666667,0.0052556639101552245,1359
8103576.ply,0.07188582420349121,3.0,0.43011016394347146,15.090333223342896,2.0,1.0,0.004355594490311951,916
8103578.ply,0.12442731857299805,8.0,0.5539122037912247,26.131911039352417,3.0,0.9843333333333333,0.007370473029095929,1031
8104626.ply,0.08710145950317383,2.0,0.542424279797387,9.55023455619812,1.0,0.8526666666666667,0.011556653750043732,524
8104629.ply,0.08629822731018066,1.0,0.3966361545907843,9.658267736434937,1.0,0.653,0.01207766462602676,535
8104983.ply,0.09873795509338379,1.0,0.30767104427339315,14.063323974609375,1.0,0.8073333333333333,0.01280863075399318,164
8105335.ply,0.0856163501739502,1.0,0.29871996273321566,11.732395887374878,1.0,0.9056666666666666,0.009909968372742411,357
8111161.ply,0.07117176055908203,1.0,0.32641637572914367,36.04661989212036,1.0,0.9816666666666667,0.007623020336737676,677
8111165.ply,0.08623433113098145,8.0,0.4880892183302234,25.377352237701416,2.0,0.9366666666666666,0.00927382989827317,570
8111167.ply,0.12860822677612305,8.0,0.4880839990528641,25.562973737716675,1.0,0.9446666666666667,0.008578330179961161,643
8111409.ply,0.0839686393737793,1.0,0.2796699339793979,8.177141904830933,1.0,0.564,0.013126786339798812,199
8111520.ply,0.08108234405517578,1.0,0.3342352348820033,2.4451680183410645,1.0,0.35633333333333334,0.013856112068079456,266
8112097.ply,0.07512903213500977,9.0,0.5806053803584603,29.13909673690796,1.0,1.0,0.005861244800264363,749
8114863.ply,0.07993149757385254,7.0,0.644946003600238,27.44156813621521,1.0,0.9843333333333333,0.010679093241849343,489
8117985.ply,0.08641219139099121,1.0,0.19091972273267227,0.8308908939361572,1.0,1.0,0.00351380234838631,2713
8121692.ply,0.09688830375671387,2.0,0.6571323772730258,4.923529863357544,2.0,0.9996666666666667,0.0024213260452459018,2017
8121694.ply,0.07136297225952148,1.0,0.6796219593034122,5.1847240924835205,1.0,1.0,0.0027161306570197686,1628
8122643.ply,0.08347368240356445,1.0,0.3671806811090681,9.264089822769165,1.0,1.0,0.0036941295266737896,787
8122655.ply,0.08661890029907227,6.0,0.4273584619173747,28.485565185546875,1.0,1.0,0.004370377239658315,1048
8125655.ply,0.10592412948608398,5.0,0.22771069801738003,51.924755573272705,1.0,0.9966666666666667,0.01034576028769813,673
8126238.ply,0.13631939888000488,3.0,0.27205389706952293,27.37699055671692,2.0,0.9763333333333334,0.00835189532865244,879
8126325.ply,0.0881659984588623,2.0,0.255793934341748,28.22247624397278,3.0,0.981,0.007984803558642027,866
8126327.ply,0.13362526893615723,2.0,0.275727115463233,32.54692983627319,1.0,1.0,0.004991709489890001,976
8126425.ply,0.12373900413513184,4.0,0.2309419340605849,49.47027635574341,3.0,0.9946666666666667,0.010564386166571927,632
8139623.ply,0.1380786895751953,1.0,0.2778128539782591,36.40524482727051,1.0,0.9996666666666667,0.008649185273854509,512
8139718.ply,0.09781026840209961,2.0,0.6574920905802034,9.431904077529907,1.0,1.0,0.005701025792833636,979
8139855.ply,0.08112788200378418,1.0,0.28247308344364297,14.16000485420227,1.0,1.0,0.007916620614156369,525
8141343.ply,0.09889101982116699,1.0,0.296503512833168,2.5251448154449463,1.0,1.0,0.0019369813287701831,2913
8141860.ply,0.13455915451049805,1.0,0.17760810834022708,40.95639634132385,1.0,0.959,0.008439126068924345,410
8143504.ply,0.0991978645324707,3.0,0.21911157721129898,45.99820923805237,2.0,0.9953333333333333,0.009799932655399742,679
8144696.ply,0.1427745819091797,1.0,0.399663334449701,13.147233963012695,1.0,1.0,0.00311806488787615,1224
8148795.ply,0.10555171966552734,7.0,0.47513271068408264,27.818533182144165,1.0,1.0,0.006603418060800611,655
8149518.ply,0.11216449737548828,2.0,0.21783797227279839,46.05211353302002,2.0,0.994,0.01044848722782073,620
8150394.ply,0.08976435661315918,2.0,0.9547199615671393,2.1550521850585938,2.0,1.0,0.0013094092026238848,2112
8155627.ply,0.08138370513916016,3.0,0.30858254595094153,45.702760219573975,1.0,0.9833333333333333,0.007148143792503424,465
8158965.ply,0.08065032958984375,2.0,0.736858368241342,5.598306179046631,1.0,0.9986666666666667,0.0064305122586952755,358
8166038.ply,0.08312463760375977,1.0,0.22761655361029362,29.940186262130737,1.0,1.0,0.006862090525911239,547
8166043.ply,0.08653378486633301,20.0,0.6391078258336457,31.570070505142212,20.0,0.6476666666666666,0.011275105016301948,980
8171486.ply,0.0874485969543457,1.0,0.3401788161139317,9.641178369522095,1.0,1.0,0.005476139343015473,0
8172406.ply,0.07481551170349121,2.0,0.42675331580771886,32.15813422203064,4.0,0.6743333333333333,0.013794419058286654,517
8172410.ply,0.10410499572753906,2.0,0.2425362632206409,26.710691690444946,1.0,0.911,0.008939310349382057,335
8172412.ply,0.1044301986694336,15.0,0.9810186785059062,8.478137254714966,1.0,0.997,0.007027779632719127,363
8172414.ply,0.10449433326721191,14.0,0.9780241863310071,10.594143152236938,1.0,0.9966666666666667,0.006534678500842393,338
8174395.ply,0.08180785179138184,7.0,0.8873262406648829,5.444154977798462,1.0,0.9776666666666667,0.005471306454353074,1198
8174397.ply,0.08253836631774902,8.0,0.6725250308692815,7.851251840591431,3.0,0.8426666666666667,0.009278151168473137,0
8176904.ply,0.10265111923217773,7.0,0.7356661623167587,4.790964126586914,1.0,0.7246666666666667,0.011951483094762193,412
8176966.ply,0.08109092712402344,3.0,0.41706116246605957,15.098810911178589,2.0,0.8893333333333333,0.010792015328411972,123
8176978.ply,0.12128496170043945,3.0,0.2661909459451669,15.416023254394531,1.0,0.9046666666666666,0.011645103459332975,535
8178944.ply,0.10378551483154297,20.0,0.9271952187365582,12.346739292144775,2.0,0.9996666666666667,0.005155191019271843,1361
8179499.ply,0.10530638694763184,121.0,1.638740239113983,15.463703632354736,,,,892
8179589.ply,0.07680916786193848,6.0,0.6508828903180305,16.70297336578369,1.0,0.8533333333333334,0.010791213479597895,138
8179592.ply,0.10550189018249512,17.0,0.8406844200150878,12.236932277679443,2.0,0.9466666666666667,0.010603313634704892,217
8179609.ply,0.08440732955932617,270.0,1.8782236592753323,13.38192343711853,,,,244
8179611.ply,0.12569332122802734,11.0,0.669450299772635,13.81140947341919,1.0,0.9766666666666667,0.010855157971706938,721
8179614.ply,0.12122249603271484,20.0,0.8803111996055359,11.81882119178772,2.0,0.9203333333333333,0.010942259966930917,299
8179617.ply,0.10490965843200684,5.0,0.9419141433809242,5.551868200302124,1.0,0.8693333333333333,0.00813885244521592,339
8179627.ply,0.07116317749023438,3.0,0.5973127616509707,5.617743968963623,1.0,1.0,0.0035825131700518453,1687
8179629.ply,0.08685684204101562,60.0,1.1798399989365937,19.771106958389282,,,,521
8179631.ply,0.09360384941101074,257.0,2.0665312911424665,19.777663230895996,,,,340
8181146.ply,0.0887141227722168,17.0,1.015497780769265,10.473026275634766,,,,212
8181152.ply,0.07962155342102051,1.0,0.24793647899173502,24.032792806625366,1.0,1.0,0.005403836881707146,582
8181354.ply,0.07925772666931152,2.0,0.34221600536800534,29.10954761505127,1.0,0.8306666666666667,0.009312272437145058,485
8186079.ply,0.08431124687194824,26.0,0.9681458126210818,11.748826265335083,8.0,0.975,0.00873477682685261,352
8188922.ply,0.09148836135864258,1.0,0.22348986520292097,8.503837823867798,1.0,1.0,0.005013215621109554,1159
8188926.ply,0.08048534393310547,1.0,0.25126512962909664,5.7429280281066895,1.0,1.0,0.004861735199770682,2020
8188996.ply,0.08581113815307617,,,3.8148720264434814,,,,2420
