scan       , coarse_processing_time, coarse_rank, coarse_cum_error   , fine_processing_time, fine_rank, fine_fitness      , fine_corr_rmse       , fine_nb_inliers_correspondence_set
763620.ply ,    0.07742738723754883,         3.0, 0.8839205940602758 ,   1.9191839694976807,       1.0, 1.0               , 0.0029576981628511613,                               2453
763621.ply ,    0.07613873481750488,         4.0, 0.8863520022298557 ,   2.6214122772216797,       2.0, 1.0               , 0.0031030191150380726,                               2418
763638.ply ,    0.10990619659423828,        32.0, 1.1690236187833725 ,   2.630702257156372 ,          ,                   ,                      ,                                  0
763640.ply ,    0.074859619140625  ,        36.0, 1.1174528275470905 ,   4.363109827041626 ,          ,                   ,                      ,                                133
763660.ply ,    0.08056759834289551,         1.0, 0.7945062016451598 ,   1.1847212314605713,       1.0, 0.9996666666666667, 0.0020724331656440894,                               2999
765199.ply ,    0.07352375984191895,         6.0, 0.6413102446477776 ,  13.58945918083191  ,       3.0, 0.9583333333333334, 0.005841117617367158 ,                                386
765201.ply ,    0.16072964668273926,         2.0, 0.3575053625463415 ,   7.11083722114563  ,       1.0, 1.0               , 0.004382525409825555 ,                                539
765202.ply ,    0.08764314651489258,         1.0, 0.4601620867742591 ,   7.745988130569458 ,       1.0, 0.9993333333333333, 0.005413792201859502 ,                                785
766858.ply ,    0.0738070011138916 ,         1.0, 0.5631235003790381 ,   4.037861585617065 ,       1.0, 0.6273333333333333, 0.011108623696955153 ,                                257
767340.ply ,    0.07401180267333984,         1.0, 0.8172563184788235 ,   2.3346660137176514,       1.0, 1.0               , 0.003471575471187414 ,                               1820
767940.ply ,    0.07141423225402832,         2.0, 0.9425045545920109 ,   0.5900132656097412,       1.0, 1.0               , 0.0018272464371336425,                               2977
768552.ply ,    0.07374310493469238,        18.0, 0.7266883034447639 ,  33.29238224029541  ,       2.0, 0.891             , 0.011132727079418364 ,                                594
770066.ply ,    0.11961674690246582,        20.0, 0.9041521058855607 ,  11.6934175491333   ,       5.0, 0.7746666666666666, 0.012054420445608881 ,                                 98
771612.ply ,    0.07557392120361328,        53.0, 1.0713191139737444 ,  27.74623727798462  ,          ,                   ,                      ,                                333
771615.ply ,    0.130157470703125  ,        54.0, 1.0864890781536238 ,  28.365887880325317 ,          ,                   ,                      ,                                272
771731.ply ,    0.08391737937927246,         2.0, 0.5928525767246547 ,  13.51832365989685  ,       6.0, 0.9443333333333334, 0.008739974616535185 ,                               1239
771736.ply ,    0.07416868209838867,         2.0, 0.577448937497408  ,   4.223861932754517 ,       3.0, 0.7363333333333333, 0.009357675382605592 ,                                840
771742.ply ,    0.07473874092102051,         9.0, 0.5140926700398988 ,  16.58872890472412  ,       1.0, 0.73              , 0.011035344161871633 ,                                596
772132.ply ,    0.07408356666564941,         2.0, 0.16640750046584035,  42.3116934299469   ,       2.0, 0.9516666666666667, 0.00988585274228017  ,                                393
772144.ply ,    0.07413458824157715,         1.0, 0.2957421457252976 ,  20.818316221237183 ,       1.0, 0.888             , 0.010054038581167215 ,                                406
772725.ply ,    0.08471155166625977,        38.0, 1.2736726389123123 ,   3.5857784748077393,          ,                   ,                      ,                                  0
772726.ply ,    0.07779693603515625,        39.0, 1.273840344564665  ,   3.7049081325531006,          ,                   ,                      ,                                625
772732.ply ,    0.0760040283203125 ,        29.0, 0.9579592339102797 ,  12.242567539215088 ,      15.0, 0.6826666666666666, 0.00989289357490535  ,                                117
772733.ply ,    0.07529211044311523,        25.0, 0.9407860328422597 ,  11.163037300109863 ,       1.0, 0.8473333333333334, 0.011211910704004574 ,                                 94
772734.ply ,    0.10276293754577637,        28.0, 0.9554339485534509 ,  11.856351852416992 ,       6.0, 0.8786666666666667, 0.01050717244861513  ,                                 82
772741.ply ,    0.07414460182189941,         8.0, 0.8646762885947672 ,   9.118480443954468 ,       6.0, 0.864             , 0.010136591799858881 ,                                145
772742.ply ,    0.08116817474365234,         4.0, 0.5770626553784379 ,   7.4093687534332275,       9.0, 0.9086666666666666, 0.00902041573073216  ,                                255
772745.ply ,    0.1091299057006836 ,         7.0, 0.8579329404956247 ,  10.187275886535645 ,       5.0, 0.875             , 0.010023211228324006 ,                                128
772749.ply ,    0.07423996925354004,        10.0, 0.8431064585351503 ,  13.08321213722229  ,       7.0, 0.8673333333333333, 0.010101127188338868 ,                                169
772763.ply ,    0.08865141868591309,         1.0, 0.6712209211597308 ,   4.535136938095093 ,       1.0, 0.9833333333333333, 0.007748856677733678 ,                                338
772764.ply ,    0.09631180763244629,         5.0, 0.7571468190257167 ,   6.778541088104248 ,       4.0, 0.9113333333333333, 0.007350665831175724 ,                                564
772769.ply ,    0.07127857208251953,        11.0, 0.7837255999412048 ,  11.205250978469849 ,       1.0, 0.866             , 0.01056818728493021  ,                                263
772796.ply ,    0.07371783256530762,        14.0, 1.2359767483632769 ,   1.2599740028381348,          ,                   ,                      ,                                748
772797.ply ,    0.08114171028137207,        13.0, 1.2295059921916254 ,   0.8351461887359619,          ,                   ,                      ,                               1169
772801.ply ,    0.08200478553771973,        22.0, 0.8826070029852664 ,  12.078778266906738 ,      12.0, 0.9013333333333333, 0.00972079979071494  ,                                200
772804.ply ,    0.07523536682128906,        18.0, 1.0225625693393177 ,   8.605295896530151 ,          ,                   ,                      ,                                229
772805.ply ,    0.07330632209777832,        16.0, 1.0126225405466094 ,   6.946228981018066 ,          ,                   ,                      ,                                310
772809.ply ,    0.07395529747009277,        22.0, 0.8939869535380182 ,  13.081966876983643 ,       5.0, 0.8973333333333333, 0.009689334306493231 ,                                189
772810.ply ,    0.07649946212768555,        26.0, 0.9507090527034329 ,  11.150389194488525 ,      13.0, 0.733             , 0.011420659123025695 ,                                217
772840.ply ,    0.0771780014038086 ,        13.0, 1.187460714009965  ,   2.244668960571289 ,          ,                   ,                      ,                               1239
772841.ply ,    0.07383418083190918,        14.0, 1.1991951335681823 ,   2.104586601257324 ,          ,                   ,                      ,                               1188
774135.ply ,    0.0743265151977539 ,         1.0, 0.24575794688640554,  14.711528778076172 ,       1.0, 1.0               , 0.0034947233125490157,                                928
774596.ply ,    0.0783236026763916 ,        13.0, 1.0300369075340174 ,   6.039059638977051 ,          ,                   ,                      ,                                166
774935.ply ,    0.07465720176696777,         1.0, 0.17889414540339182,  30.12389326095581  ,       2.0, 0.9673333333333334, 0.01001694983483799  ,                                437
774937.ply ,    0.08520698547363281,         2.0, 0.22087133278705512,  31.488508462905884 ,       1.0, 0.9813333333333333, 0.008123980615558312 ,                                647
775262.ply ,    0.07372069358825684,         2.0, 0.19683798129572477,  42.79955720901489  ,       4.0, 0.94              , 0.008830165416045154 ,                                750
775310.ply ,    0.09688687324523926,         3.0, 0.24703143656957247,  31.73908042907715  ,       1.0, 0.9673333333333334, 0.007993105793822052 ,                                463
775316.ply ,    0.13252878189086914,         4.0, 0.8564437460026254 ,   3.180987596511841 ,       1.0, 0.9803333333333333, 0.005253898608662471 ,                               1311
775318.ply ,    0.07741355895996094,         2.0, 0.2877858058726782 ,   6.652442455291748 ,       1.0, 1.0               , 0.004985311785543035 ,                               1806
775510.ply ,    0.0858316421508789 ,        10.0, 1.1894184074333503 ,   2.8195605278015137,          ,                   ,                      ,                               1671
775999.ply ,    0.08507299423217773,        26.0, 0.9587273516311449 ,  14.853546380996704 ,       4.0, 0.7123333333333334, 0.009900821303478208 ,                                568
776548.ply ,    0.0757293701171875 ,        19.0, 1.041216854656139  ,   5.936563968658447 ,          ,                   ,                      ,                                796
776556.ply ,    0.07519006729125977,        29.0, 0.9904663748190645 ,  13.984756231307983 ,       9.0, 0.219             , 0.013758486911688954 ,                                 72
776560.ply ,    0.08431839942932129,         3.0, 0.5816376793682803 ,   9.188487529754639 ,       7.0, 0.8936666666666667, 0.009300048851470661 ,                                396
776572.ply ,    0.0738229751586914 ,         2.0, 0.5715579418429245 ,  24.908166646957397 ,       2.0, 0.8326666666666667, 0.009814416595210597 ,                                410
776840.ply ,    0.07033038139343262,         2.0, 0.22255155373135801,  31.307644844055176 ,       1.0, 0.998             , 0.005601947165386037 ,                                917
776935.ply ,    0.09247446060180664,         9.0, 1.0051712956534429 ,   3.70524001121521  ,          ,                   ,                      ,                                  0
777043.ply ,    0.08095026016235352,         1.0, 0.34229582880763754,   7.414421558380127 ,       1.0, 0.9833333333333333, 0.006402047668329262 ,                                825
777087.ply ,    0.07059574127197266,         5.0, 0.9867330922034666 ,   4.648029804229736 ,       1.0, 1.0               , 0.0024719571350289957,                               1798
777133.ply ,    0.07173800468444824,         3.0, 1.0043408566656293 ,   1.2533345222473145,          ,                   ,                      ,                               2035
777135.ply ,    0.0766611099243164 ,         1.0, 0.2336928580625163 ,  30.297964334487915 ,       2.0, 0.9533333333333334, 0.01162078311145145  ,                                389
777141.ply ,    0.09847640991210938,         4.0, 0.46758166418106517,  23.1694233417511   ,       2.0, 0.9083333333333333, 0.009080156821318307 ,                                811
777155.ply ,    0.07374429702758789,        14.0, 0.6688185065774122 ,  25.60789728164673  ,       1.0, 0.8606666666666667, 0.011472940800626386 ,                                379
777217.ply ,    0.11282634735107422,         1.0, 0.25846785515585874,   8.34638500213623  ,       1.0, 1.0               , 0.004833717948494202 ,                                942
777239.ply ,    0.07404589653015137,         1.0, 0.297971737680523  ,  12.36667013168335  ,       1.0, 0.9996666666666667, 0.0031951679974969328,                               1585
777240.ply ,    0.07389235496520996,         1.0, 0.05556093016157396,  19.195582628250122 ,       1.0, 1.0               , 0.004937824462533309 ,                                975
777253.ply ,    0.09699368476867676,         1.0, 0.6672618459898387 ,   1.2934277057647705,       1.0, 1.0               , 0.0028093607303618573,                               2322
777551.ply ,    0.0733804702758789 ,         2.0, 0.14424570497222025,  31.890130758285522 ,       2.0, 0.9396666666666667, 0.010299691940751084 ,                                654
777553.ply ,    0.07328629493713379,        19.0, 0.788207546917141  ,  23.893859386444092 ,       2.0, 0.989             , 0.006070612862677166 ,                                751
777942.ply ,    0.13263154029846191,         5.0, 0.5295877936815329 ,  13.915438413619995 ,       7.0, 0.8783333333333333, 0.010751387536338903 ,                                156
777945.ply ,    0.07339692115783691,        21.0, 0.9757756909253062 ,  10.191244840621948 ,       2.0, 0.834             , 0.00823025468444347  ,                                224
777948.ply ,    0.07364845275878906,        14.0, 0.9053479746382146 ,   9.456984519958496 ,       1.0, 0.901             , 0.008446668177795555 ,                                213
777991.ply ,    0.07358956336975098,         7.0, 1.0061469287891953 ,   4.785454273223877 ,          ,                   ,                      ,                               1802
778082.ply ,    0.08391809463500977,        13.0, 0.9517390502250278 ,   6.526656150817871 ,       1.0, 0.8473333333333334, 0.006897319876177072 ,                                279
778091.ply ,    0.07363510131835938,        21.0, 1.1023368645099325 ,   2.158738613128662 ,          ,                   ,                      ,                                532
778429.ply ,    0.07356452941894531,        28.0, 1.1685770515958573 ,   3.143864154815674 ,          ,                   ,                      ,                                699
778448.ply ,    0.07354998588562012,         1.0, 0.3852811714906516 ,  11.812615156173706 ,       1.0, 0.8856666666666667, 0.0079660219137981   ,                                593
778504.ply ,    0.07351183891296387,        98.0, 1.565856281598846  ,  23.167359113693237 ,          ,                   ,                      ,                                440
778632.ply ,    0.07344651222229004,         1.0, 0.28690489351696813,   6.596031427383423 ,       1.0, 0.672             , 0.012215100324695546 ,                                371
778844.ply ,    0.12870550155639648,         1.0, 0.6270587998523557 ,   2.0773777961730957,       1.0, 1.0               , 0.0037264858927968957,                               2068
778897.ply ,    0.12800884246826172,         1.0, 0.45545907401543057,   3.8416545391082764,       1.0, 0.9916666666666667, 0.006783425336971137 ,                               1306
778899.ply ,    0.07389712333679199,         1.0, 0.1450174012201895 ,   4.1072776317596436,       1.0, 1.0               , 0.0028891062922423477,                               1634
778906.ply ,    0.11971449851989746,         1.0, 0.44864026167701143,   4.401355028152466 ,       1.0, 1.0               , 0.0038899807091475748,                               2165
778915.ply ,    0.073577880859375  ,         2.0, 0.2007612324359439 ,   9.82132077217102  ,       1.0, 1.0               , 0.004113789063142003 ,                               1880
778920.ply ,    0.09084630012512207,         2.0, 0.33542965602583713,   3.493295431137085 ,       1.0, 1.0               , 0.003241219120967603 ,                               2286
779434.ply ,    0.07347607612609863,         3.0, 0.37438967067356   ,  17.142966747283936 ,       2.0, 0.8966666666666666, 0.007641001749391815 ,                                256
779530.ply ,    0.07835602760314941,         1.0, 0.16392946463010435,  21.42078685760498  ,       1.0, 0.885             , 0.01049359897180953  ,                                488
779533.ply ,    0.12273025512695312,         2.0, 0.16464246444636818,  22.479878187179565 ,       2.0, 0.8836666666666667, 0.009819720692742968 ,                                517
779545.ply ,    0.07328271865844727,         6.0, 0.7390373963111131 ,   7.003871202468872 ,       1.0, 0.7793333333333333, 0.011556091127413407 ,                                238
779608.ply ,    0.07460808753967285,         6.0, 0.9943936463868286 ,   2.016589641571045 ,       3.0, 1.0               , 0.001572385524808905 ,                               2602
779699.ply ,    0.07324457168579102,         1.0, 0.22611736061429794,  15.947758197784424 ,       1.0, 1.0               , 0.004101343559344006 ,                                978
779815.ply ,    0.11492681503295898,        23.0, 0.845597468300701  ,  31.452327728271484 ,       4.0, 0.8963333333333333, 0.010012653747628882 ,                                272
779861.ply ,    0.07364130020141602,         1.0, 0.18416784896033572,   5.57047176361084  ,       1.0, 1.0               , 0.0063004006922588365,                               1560
780252.ply ,    0.07091832160949707,        17.0, 0.8501018538985007 ,  14.494784355163574 ,       2.0, 0.8496666666666667, 0.011595315303551103 ,                                 92
780254.ply ,    0.07371950149536133,         8.0, 0.47777109106222937,  19.419858932495117 ,       3.0, 0.8413333333333334, 0.010530860495767458 ,                                 79
780255.ply ,    0.07966065406799316,        37.0, 1.2818152249739352 ,   2.844642400741577 ,          ,                   ,                      ,                                981
780273.ply ,    0.07376909255981445,         1.0, 0.16196390521507   ,  45.97605538368225  ,       3.0, 0.966             , 0.008054193248752608 ,                                787
780279.ply ,    0.07352304458618164,         1.0, 0.33088273231908105,  14.9799644947052   ,       1.0, 0.873             , 0.011568682962042129 ,                                207
780283.ply ,    0.07861208915710449,        18.0, 0.922109846467122  ,  13.724161386489868 ,       2.0, 0.92              , 0.008970437410387413 ,                                486
780287.ply ,    0.0755305290222168 ,        13.0, 0.9458752080948793 ,  11.561626672744751 ,       1.0, 0.925             , 0.009883162131773388 ,                                203
780288.ply ,    0.07338690757751465,        20.0, 0.9462036668737768 ,  12.49990725517273  ,       3.0, 0.84              , 0.011421764364916747 ,                                107
780295.ply ,    0.0737459659576416 ,        31.0, 0.9703256291220311 ,  13.203799486160278 ,       2.0, 0.803             , 0.01180849343818793  ,                                 94
780296.ply ,    0.07451844215393066,        33.0, 0.9866500424290959 ,  15.376072883605957 ,       4.0, 0.7933333333333333, 0.012153481054710532 ,                                120
780299.ply ,    0.07370924949645996,        14.0, 1.0278474645706361 ,   6.028256177902222 ,          ,                   ,                      ,                                767
780300.ply ,    0.08986902236938477,        13.0, 1.0035555448494524 ,   5.321945667266846 ,          ,                   ,                      ,                                719
780706.ply ,    0.09731602668762207,         2.0, 0.25040943808837063,  31.26323437690735  ,       1.0, 0.9066666666666666, 0.01234129257533512  ,                                784
780827.ply ,    0.11983108520507812,         1.0, 0.2297215656146986 ,  21.765958070755005 ,       1.0, 0.993             , 0.009745170492313777 ,                                261
781070.ply ,    0.07943129539489746,         5.0, 0.2895542749227246 ,  12.555744886398315 ,       3.0, 0.743             , 0.010760439062439345 ,                                323
781071.ply ,    0.07713937759399414,         1.0, 0.1585272817417489 ,  13.676196813583374 ,       1.0, 0.647             , 0.010888567130974434 ,                                220
781282.ply ,    0.083038330078125  ,         1.0, 0.13185588971156986,   7.010833024978638 ,       1.0, 1.0               , 0.003457900212311423 ,                               1317
781613.ply ,    0.08154106140136719,         2.0, 0.23642281497544712,  28.578959703445435 ,       2.0, 1.0               , 0.004569652780901496 ,                               1015
781744.ply ,    0.0735921859741211 ,         1.0, 0.6430469375482336 ,   5.107801914215088 ,       1.0, 0.878             , 0.009534342121572054 ,                                519
781831.ply ,    0.0735924243927002 ,         1.0, 0.10492615944101362,  24.921339511871338 ,       1.0, 0.8766666666666667, 0.01146802206318944  ,                                349
781899.ply ,    0.07367277145385742,        13.0, 0.9569754651410757 ,   9.520612001419067 ,       3.0, 0.893             , 0.006868212798693837 ,                                573
781912.ply ,    0.1336073875427246 ,        17.0, 0.7873287865587759 ,  19.67141819000244  ,       1.0, 0.9683333333333334, 0.008283167893219378 ,                               1100
781914.ply ,    0.08095455169677734,         5.0, 0.49399448432530835,   6.7548668384552   ,       1.0, 0.9886666666666667, 0.00963724168055008  ,                               1632
781915.ply ,    0.07955312728881836,        21.0, 0.7080881608733313 ,  24.593427658081055 ,      16.0, 0.8136666666666666, 0.010547783175801679 ,                                941
781916.ply ,    0.07080841064453125,        24.0, 0.9202656970507518 ,  20.90695595741272  ,       1.0, 0.9566666666666667, 0.00979866431679804  ,                                897
781917.ply ,    0.08851242065429688,        24.0, 0.9030310867430803 ,  26.13032102584839  ,       3.0, 0.9653333333333334, 0.0073337433331962035,                                915
781921.ply ,    0.07300400733947754,        33.0, 0.889179535292506  ,  29.088114976882935 ,       2.0, 0.864             , 0.010916891119337808 ,                                701
781923.ply ,    0.07467865943908691,        10.0, 0.7040391423453635 ,  17.174004554748535 ,       3.0, 0.95              , 0.009331541628980426 ,                               1136
781926.ply ,    0.07613420486450195,         2.0, 0.3202126611678299 ,  55.292938232421875 ,       1.0, 0.937             , 0.008919532660455011 ,                                486
782016.ply ,    0.07626938819885254,        11.0, 0.8910101064397776 ,  11.355563879013062 ,       1.0, 0.974             , 0.009753204962042088 ,                                183
782185.ply ,    0.07297134399414062,         1.0, 0.37248942464645923,  20.151729822158813 ,       1.0, 0.9996666666666667, 0.005955218836018411 ,                                683
782438.ply ,    0.09110736846923828,         1.0, 0.3388739418001026 ,   4.063462495803833 ,       1.0, 0.9276666666666666, 0.008171317943556336 ,                                674
783475.ply ,    0.07747507095336914,         1.0, 0.19136654446531057,  12.690175294876099 ,       1.0, 0.7633333333333333, 0.011838177453764002 ,                                187
783595.ply ,    0.07437634468078613,         5.0, 0.4907747742137503 ,  18.326367616653442 ,       1.0, 0.9316666666666666, 0.0064656944797576695,                                476
783596.ply ,    0.07331609725952148,         1.0, 0.19957399210849347,  44.086352586746216 ,       2.0, 0.9463333333333334, 0.010290609457059827 ,                                585
783617.ply ,    0.10217452049255371,         1.0, 0.21171051266085564,  39.66086983680725  ,       1.0, 0.993             , 0.00802256732942295  ,                                584
783619.ply ,    0.09996390342712402,         1.0, 0.19955447595029482,  15.589064598083496 ,       2.0, 0.917             , 0.008374622618441274 ,                                322
783854.ply ,    0.08207225799560547,         1.0, 0.2789267198972769 ,  15.079688549041748 ,       1.0, 0.6696666666666666, 0.012875944975895184 ,                                200
784049.ply ,    0.07376980781555176,         7.0, 0.998025743882568  ,   2.228502035140991 ,       3.0, 1.0               , 0.0023795145511851454,                               2315
784111.ply ,    0.08554410934448242,         2.0, 0.36729167656470174,  16.700512647628784 ,       1.0, 0.9756666666666667, 0.0066537987055806875,                               1020
784856.ply ,    0.07413291931152344,         7.0, 0.5895140683303198 ,  19.183364391326904 ,       1.0, 0.601             , 0.011770070201020649 ,                                357
784907.ply ,    0.07374238967895508,         1.0, 0.35301138191180165,  21.404125213623047 ,       1.0, 0.9063333333333333, 0.007226456946440211 ,                                235
785149.ply ,    0.07340550422668457,       236.0, 5.471627809399014  ,   9.790892601013184 ,          ,                   ,                      ,                                698
785150.ply ,    0.10300159454345703,       261.0, 8.682770524629229  ,   9.20019817352295  ,          ,                   ,                      ,                                627
785159.ply ,    0.07430768013000488,         3.0, 0.2687882504580857 ,  16.544562816619873 ,       1.0, 0.8436666666666667, 0.009227171640780723 ,                                377
785169.ply ,    0.09841036796569824,         5.0, 0.41430788543184416,  29.93370270729065  ,       1.0, 0.9103333333333333, 0.009462598205651257 ,                                651
785173.ply ,    0.07653927803039551,        18.0, 0.740439713023468  ,  31.124043941497803 ,       1.0, 0.865             , 0.011612807572512313 ,                                537
785184.ply ,    0.07381582260131836,        26.0, 0.957836638461799  ,  16.79324507713318  ,       3.0, 0.706             , 0.01248263893508033  ,                                314
785185.ply ,    0.09152460098266602,       133.0, 1.3618005029911078 ,  14.98693561553955  ,          ,                   ,                      ,                                293
785682.ply ,    0.07508134841918945,        16.0, 0.7404213347571308 ,  15.330519437789917 ,       4.0, 0.5096666666666667, 0.012079923648147037 ,                                184
785887.ply ,    0.08266043663024902,         3.0, 0.31308758038926815,  28.29615330696106  ,       1.0, 1.0               , 0.006139853841300661 ,                                762
785997.ply ,    0.07076430320739746,         1.0, 0.5582258588010567 ,   6.205758571624756 ,       5.0, 0.8483333333333334, 0.007655796189282644 ,                               1144
786001.ply ,    0.08138084411621094,         1.0, 0.5804956580425646 ,   5.1871092319488525,       1.0, 0.9176666666666666, 0.007708171922793133 ,                                975
787629.ply ,    0.10367965698242188,         1.0, 0.2665735983774107 ,   8.263185501098633 ,       1.0, 0.637             , 0.011105205873663955 ,                                341
787761.ply ,    0.07080411911010742,         1.0, 0.40744487019295633,   7.791501045227051 ,       1.0, 0.5183333333333333, 0.013086976050214501 ,                                242
787913.ply ,    0.07336163520812988,         4.0, 0.3753176337695003 ,  22.283620834350586 ,       1.0, 0.922             , 0.009881376932096392 ,                                424
787914.ply ,    0.07343840599060059,         6.0, 0.36082649958326146,  32.97153449058533  ,       1.0, 0.9766666666666667, 0.010253658977976194 ,                                433
788695.ply ,    0.09889507293701172,        13.0, 0.9943696128418034 ,   8.135120391845703 ,       1.0, 0.9126666666666666, 0.007455147790610296 ,                                726
788698.ply ,    0.09450173377990723,         1.0, 0.19157767918071053,  39.839378356933594 ,       3.0, 0.939             , 0.00894709981178213  ,                                654
788771.ply ,    0.07455015182495117,        23.0, 0.7611599618247957 ,  32.46343779563904  ,       5.0, 0.991             , 0.008298127348262083 ,                                889
788786.ply ,    0.07140588760375977,         2.0, 0.2785836689861073 ,  19.1732337474823   ,       1.0, 0.85              , 0.010170317699343944 ,                                373
788794.ply ,    0.07366800308227539,        15.0, 0.9445527941569757 ,  11.238776445388794 ,       4.0, 0.902             , 0.00783749275373282  ,                                398
788905.ply ,    0.09142327308654785,         2.0, 0.9679955698885964 ,   0.7526290416717529,       1.0, 0.943             , 0.006170719435588255 ,                               1621
788909.ply ,    0.08046865463256836,        21.0, 1.0278299110281361 ,   7.848955869674683 ,          ,                   ,                      ,                                247
788916.ply ,    0.07374262809753418,        34.0, 1.0039874399586974 ,  15.049703121185303 ,          ,                   ,                      ,                                 45
788920.ply ,    0.08530759811401367,         5.0, 0.8095048965896623 ,  10.538864850997925 ,       1.0, 0.8766666666666667, 0.010106381304953406 ,                                151
788923.ply ,    0.07321524620056152,         6.0, 0.7113001413342619 ,   9.132742643356323 ,      11.0, 0.927             , 0.008968503678986885 ,                                794
788926.ply ,    0.12925386428833008,         1.0, 0.16609840865598452,   8.458873510360718 ,       1.0, 0.8706666666666667, 0.00988605600697303  ,                                317
789366.ply ,    0.07427453994750977,         1.0, 0.2607253879960248 ,  21.047526836395264 ,       1.0, 0.9563333333333334, 0.008669432609602136 ,                               1139
791705.ply ,    0.11159014701843262,        64.0, 2.4411049064672703 ,   2.3154869079589844,          ,                   ,                      ,                               1434
791713.ply ,    0.08488845825195312,         2.0, 0.8933252300799674 ,   1.8991985321044922,       1.0, 1.0               , 0.004813637309777552 ,                               1876
791816.ply ,    0.07325005531311035,        26.0, 0.9840364147996877 ,  14.890663146972656 ,       1.0, 0.7386666666666667, 0.012412247746651544 ,                                 79
791817.ply ,    0.07388162612915039,        23.0, 0.9697739482806675 ,  13.201720952987671 ,       1.0, 0.7753333333333333, 0.012398442506054949 ,                                  0
791819.ply ,    0.07321786880493164,        10.0, 0.9574148495127955 ,   6.97917914390564  ,       1.0, 0.8206666666666667, 0.01190183253323724  ,                                118
792161.ply ,    0.1329660415649414 ,       145.0, 1.6915979366241274 ,  32.5101363658905   ,          ,                   ,                      ,                                600
792350.ply ,    0.07377362251281738,         1.0, 0.30497223359496073,   6.3346779346466064,       1.0, 0.9996666666666667, 0.0039784736158508935,                               1975
792358.ply ,    0.08420372009277344,         2.0, 0.22669137702238404,   6.870710372924805 ,       2.0, 1.0               , 0.004465706043330763 ,                               1733
792429.ply ,    0.08359003067016602,        16.0, 0.7943098047056548 ,  14.12199354171753  ,       2.0, 0.872             , 0.010636064247499298 ,                                549
792430.ply ,    0.0796658992767334 ,         1.0, 0.08100988789498756,  20.512112855911255 ,       1.0, 0.9296666666666666, 0.010252545521166119 ,                                243
792440.ply ,    0.0806891918182373 ,        60.0, 1.2050775513967176 ,  18.14317035675049  ,          ,                   ,                      ,                                482
792441.ply ,    0.0715789794921875 ,        68.0, 1.2566810831543553 ,  18.334993362426758 ,          ,                   ,                      ,                                512
792510.ply ,    0.08103251457214355,         2.0, 0.7966527781905768 ,   3.0380516052246094,       2.0, 1.0               , 0.003489200576941276 ,                               1717
792783.ply ,    0.10693740844726562,         1.0, 0.21730862431792297,   3.283564329147339 ,       1.0, 1.0               , 0.0026503985967761393,                               2506
792803.ply ,    0.08074474334716797,         2.0, 0.17906045240357352,  33.98443603515625  ,       2.0, 0.9996666666666667, 0.0049216432258254155,                                622
792937.ply ,    0.07338929176330566,         6.0, 0.7440055349648873 ,  13.048477411270142 ,       1.0, 0.8103333333333333, 0.008548521743945721 ,                                258
793405.ply ,    0.07436275482177734,         1.0, 0.20262156344341403,   2.565078020095825 ,       1.0, 1.0               , 0.0022934552012515022,                               2798
793426.ply ,    0.07751941680908203,        22.0, 0.9636776498727695 ,  17.24116539955139  ,       1.0, 0.964             , 0.007406527952583591 ,                                737
793548.ply ,    0.1347520351409912 ,         1.0, 0.32954886088997787,  29.567260265350342 ,       1.0, 0.8653333333333333, 0.008426118875067392 ,                                323
793646.ply ,    0.07336139678955078,         4.0, 0.6417392839419044 ,  11.116492748260498 ,       1.0, 0.9206666666666666, 0.008610209643147864 ,                                430
793689.ply ,    0.0737771987915039 ,         2.0, 0.7313683359349489 ,   1.4237873554229736,       2.0, 1.0               , 0.0016909097564008725,                               3000
793768.ply ,    0.10113954544067383,         1.0, 0.48464778628987265,   2.5878734588623047,       1.0, 1.0               , 0.0027438692780255157,                               2227
793787.ply ,    0.09415364265441895,        11.0, 1.0605933555281737 ,   2.818577289581299 ,          ,                   ,                      ,                                  0
793789.ply ,    0.08073902130126953,         9.0, 0.9785582294480458 ,   3.5490570068359375,       5.0, 1.0               , 0.00314336456112885  ,                                960
793791.ply ,    0.07413530349731445,         6.0, 1.011095139968483  ,   1.7151494026184082,          ,                   ,                      ,                               1113
793793.ply ,    0.08388924598693848,       124.0, 3.6193265985668446 ,   6.278047561645508 ,          ,                   ,                      ,                               1327
793796.ply ,    0.07108592987060547,        27.0, 0.8007448809487127 ,  35.27842712402344  ,      12.0, 0.7426666666666667, 0.011074215620645004 ,                                897
793832.ply ,    0.08272981643676758,         1.0, 0.28004123475426546,  36.288628816604614 ,       1.0, 1.0               , 0.008541110172401348 ,                                621
793889.ply ,    0.12631726264953613,       308.0, 6.3622511261721995 ,  23.854180097579956 ,          ,                   ,                      ,                                501
793975.ply ,    0.07335352897644043,         2.0, 0.27113659445412047,  17.96755051612854  ,      11.0, 0.822             , 0.011092842463112458 ,                                 99
793978.ply ,    0.08067154884338379,         2.0, 0.3984792930532048 ,  18.676090478897095 ,       7.0, 0.8693333333333333, 0.011170572474575254 ,                                 84
793981.ply ,    0.07307577133178711,         2.0, 0.3853770561510212 ,  12.629918336868286 ,       3.0, 0.7993333333333333, 0.010670925575200092 ,                                248
793982.ply ,    0.07804465293884277,         8.0, 0.5025395641526061 ,  13.803828477859497 ,       3.0, 0.8413333333333334, 0.010254196045519904 ,                               1011
793997.ply ,    0.07188177108764648,       211.0, 2.4669494140878894 ,  10.921508550643921 ,          ,                   ,                      ,                                708
793998.ply ,    0.07453179359436035,        71.0, 1.3506246277190728 ,   4.779211759567261 ,          ,                   ,                      ,                                720
793999.ply ,    0.08638930320739746,         1.0, 0.13150634000364428,  12.983817100524902 ,       1.0, 0.8756666666666667, 0.009533445591192983 ,                                290
794008.ply ,    0.07117819786071777,        39.0, 0.911657722644702  ,  37.38983201980591  ,       3.0, 0.9193333333333333, 0.009884063936993929 ,                                572
794262.ply ,    0.07382678985595703,        17.0, 0.6890181150361705 ,  20.645415544509888 ,       1.0, 0.9973333333333333, 0.006950995288481511 ,                                949
794273.ply ,    0.12709689140319824,         1.0, 0.33705311169539925,  32.274805545806885 ,       1.0, 1.0               , 0.0066117405345182696,                                911
794515.ply ,    0.07124948501586914,         1.0, 0.2996661684869096 ,  15.204226732254028 ,       1.0, 1.0               , 0.003321667934630102 ,                               1464
794516.ply ,    0.07131767272949219,         3.0, 0.4031634770766341 ,  15.109528541564941 ,       1.0, 0.9446666666666667, 0.01073101920584628  ,                                264
794601.ply ,    0.07325220108032227,         4.0, 0.9161660336803032 ,   4.107767581939697 ,       1.0, 1.0               , 0.0026992569657078845,                               2422
794679.ply ,    0.08168935775756836,         7.0, 1.0001353895584966 ,   2.207864284515381 ,          ,                   ,                      ,                               1124
794863.ply ,    0.07386970520019531,         5.0, 0.5121716121351013 ,  24.11623764038086  ,       2.0, 0.8163333333333334, 0.011917224254142829 ,                                333
794864.ply ,    0.07141923904418945,         2.0, 0.32112401984362704,  17.984256744384766 ,       1.0, 0.8033333333333333, 0.012141627483225576 ,                                349
794870.ply ,    0.08080792427062988,         2.0, 0.2841680950290832 ,  42.885350942611694 ,       2.0, 0.917             , 0.00973640750311109  ,                                446
794871.ply ,    0.08086943626403809,         9.0, 0.6184312780891372 ,  25.057767868041992 ,       1.0, 0.9356666666666666, 0.008139915609206383 ,                                299
798351.ply ,    0.12181234359741211,         8.0, 0.9842043475116807 ,   4.845659255981445 ,       5.0, 0.9996666666666667, 0.002645446110250761 ,                               1982
798475.ply ,    0.07364702224731445,         2.0, 0.4960315596571139 ,  16.21347212791443  ,       1.0, 0.889             , 0.007865597494614745 ,                                435
798480.ply ,    0.07938766479492188,         1.0, 0.4979938022134932 ,  18.08032727241516  ,       1.0, 0.891             , 0.00813719952600616  ,                                503
798512.ply ,    0.07184672355651855,         4.0, 0.9470453068480781 ,   3.158804416656494 ,       2.0, 1.0               , 0.0030009398216328653,                               2181
8063088.ply,    0.07469820976257324,         1.0, 0.6766222873422745 ,   2.592885971069336 ,       1.0, 1.0               , 0.003927135721130465 ,                               2183
8063089.ply,    0.07192158699035645,         1.0, 0.627981997563697  ,   2.0000267028808594,       1.0, 1.0               , 0.002422935795441623 ,                               2884
8087967.ply,    0.07532930374145508,         2.0, 0.44011324676276603,  17.969706058502197 ,       1.0, 0.8923333333333333, 0.007662554136734925 ,                                187
8088206.ply,    0.07395625114440918,         4.0, 0.4015818172774533 ,  23.348209857940674 ,       1.0, 1.0               , 0.004568784145618597 ,                               1146
8088959.ply,    0.07461428642272949,         1.0, 0.32591864768272505,  30.706302404403687 ,       1.0, 0.9346666666666666, 0.0075146718560116154,                                446
8089434.ply,    0.1031956672668457 ,         2.0, 0.31769356298303736,  30.3271963596344   ,       1.0, 1.0               , 0.005801259470436606 ,                                757
8091304.ply,    0.07439160346984863,        15.0, 1.032984513008965  ,   2.0557327270507812,          ,                   ,                      ,                                336
8091592.ply,    0.07333683967590332,         3.0, 0.7001123453370907 ,   6.893068075180054 ,       2.0, 0.7273333333333334, 0.010948524427115736 ,                                421
8091602.ply,    0.07607412338256836,         1.0, 0.6184686041965    ,  13.111238241195679 ,       2.0, 0.7313333333333333, 0.010664037763346776 ,                                327
8091607.ply,    0.07423758506774902,        17.0, 0.8526917716604572 ,  10.768094062805176 ,       6.0, 0.8253333333333334, 0.010687581756801215 ,                                236
8091936.ply,    0.07520580291748047,         6.0, 0.6297726810997243 ,  26.712467193603516 ,       4.0, 0.915             , 0.006113354463363751 ,                                540
8092171.ply,    0.0999917984008789 ,         5.0, 0.9978269063855477 ,   1.660923957824707 ,       3.0, 1.0               , 0.0013633976792781482,                               2691
8092190.ply,    0.08043456077575684,         3.0, 0.9831884122253779 ,   0.8908882141113281,       2.0, 0.9996666666666667, 0.0016531140837978578,                               2983
8092284.ply,    0.08565497398376465,        20.0, 0.7428504413264233 ,  34.085644006729126 ,       1.0, 1.0               , 0.006755748055668484 ,                                512
8092901.ply,    0.09576559066772461,        27.0, 0.8438851344767897 ,  28.277876138687134 ,       1.0, 0.9536666666666667, 0.008130437588618103 ,                                418
8092992.ply,    0.07570886611938477,         1.0, 0.15468177395048044,  35.116272926330566 ,       1.0, 0.937             , 0.009561606867061586 ,                                502
8093118.ply,    0.07470560073852539,         1.0, 0.32719330748427805,   3.690873146057129 ,       1.0, 1.0               , 0.002404053444125325 ,                               2680
8093316.ply,    0.07385563850402832,        22.0, 1.0187052272471613 ,   7.215912818908691 ,          ,                   ,                      ,                                341
8093514.ply,    0.07356405258178711,         2.0, 0.28155497522098016,  24.731000423431396 ,       1.0, 0.972             , 0.005756050870935183 ,                               1034
8094080.ply,    0.07411623001098633,        18.0, 0.9294087525318596 ,  18.064640998840332 ,       1.0, 0.9333333333333333, 0.007464002347537604 ,                                521
8095189.ply,    0.07453083992004395,         2.0, 0.6948961360205402 ,   6.120248317718506 ,       1.0, 0.7616666666666667, 0.011410168093565933 ,                                435
8095212.ply,    0.07377982139587402,         2.0, 0.5206906567787364 ,  14.00144100189209  ,       1.0, 0.811             , 0.01028724594098683  ,                                430
8095941.ply,    0.07355427742004395,         1.0, 0.3032655057260736 ,   2.546008825302124 ,       1.0, 1.0               , 0.004217263354107952 ,                               2326
8096342.ply,    0.12085652351379395,         1.0, 0.20096010070903375,  20.949161529541016 ,       1.0, 0.9966666666666667, 0.008644881926591099 ,                                425
8098446.ply,    0.07763981819152832,         1.0, 0.3681831900659203 ,   4.340785264968872 ,       1.0, 1.0               , 0.0023267995112553727,                               2027
8100966.ply,    0.1043708324432373 ,         1.0, 0.7810846120450758 ,   5.481305837631226 ,       4.0, 0.916             , 0.005458166704932028 ,                                603
8100969.ply,    0.09986138343811035,         4.0, 0.6156876785892139 ,  11.114257097244263 ,       1.0, 0.9266666666666666, 0.0066455513441478   ,                                314
8100975.ply,    0.09783720970153809,         3.0, 0.5813769970665631 ,  10.001259088516235 ,       1.0, 0.9356666666666666, 0.008004539290644186 ,                                332
8101572.ply,    0.08234429359436035,        13.0, 1.0561314027573827 ,   3.7274363040924072,          ,                   ,                      ,                                651
8103576.ply,    0.07066559791564941,        57.0, 2.055159814357401  ,   2.4694149494171143,          ,                   ,                      ,                               1328
8103578.ply,    0.07635998725891113,        21.0, 0.9495790885156462 ,  16.395782947540283 ,       2.0, 0.9373333333333334, 0.007275188758649018 ,                                901
8104626.ply,    0.08960700035095215,         5.0, 0.6716035413719517 ,  13.704416513442993 ,       5.0, 0.7606666666666667, 0.01195295149787821  ,                                139
8104629.ply,    0.07377099990844727,         1.0, 0.21298888430247792,   9.540936470031738 ,       1.0, 0.6963333333333334, 0.011885793515069767 ,                                322
8104983.ply,    0.0739753246307373 ,         1.0, 0.21151610228473008,   9.37898564338684  ,       1.0, 0.7746666666666666, 0.011742753847547596 ,                                296
8105335.ply,    0.0709083080291748 ,         2.0, 0.4941109533550848 ,  21.221847772598267 ,       1.0, 0.911             , 0.007812364784445729 ,                                370
8111161.ply,    0.07454180717468262,         1.0, 0.17336039852814136,  35.986565589904785 ,       2.0, 0.9766666666666667, 0.007115004626901817 ,                                616
8111165.ply,    0.08293795585632324,         7.0, 0.5191101810243938 ,  34.083725452423096 ,       1.0, 0.9703333333333334, 0.008547164799060907 ,                                672
8111167.ply,    0.07366585731506348,         8.0, 0.521659313931461  ,  36.9396538734436   ,       2.0, 0.9646666666666667, 0.00939509469299261  ,                                702
8111409.ply,    0.07306742668151855,       152.0, 1.4637463523941425 ,   8.258717060089111 ,          ,                   ,                      ,                                215
8111520.ply,    0.0738072395324707 ,         1.0, 0.0864239887243416 ,   2.859650135040283 ,       1.0, 0.426             , 0.013906863694737471 ,                                265
8112097.ply,    0.08596992492675781,         2.0, 0.1732506087072048 ,  25.308417558670044 ,       1.0, 0.9513333333333334, 0.009533104694879958 ,                                752
8114863.ply,    0.07169651985168457,         9.0, 0.6678619465290294 ,  31.03711485862732  ,       1.0, 0.848             , 0.01264055357198702  ,                                  0
8117985.ply,    0.07628178596496582,         1.0, 0.34215017405822706,   2.6108789443969727,       1.0, 1.0               , 0.00344475467906964  ,                               2747
8121692.ply,    0.09208083152770996,         1.0, 0.6725916034031972 ,   2.617934465408325 ,       1.0, 1.0               , 0.0030580688815653183,                               3000
8121694.ply,    0.07281851768493652,         1.0, 0.5601467892568516 ,   4.221369743347168 ,       1.0, 0.9996666666666667, 0.003146591491141764 ,                               1615
8122643.ply,    0.08864831924438477,         3.0, 0.34794492183304343,   6.32541298866272  ,       1.0, 0.9993333333333333, 0.004959875538364154 ,                                493
8122655.ply,    0.07083392143249512,         4.0, 0.4378553650814371 ,  10.087496042251587 ,       1.0, 1.0               , 0.005754981913197745 ,                               1057
8125655.ply,    0.08013176918029785,         5.0, 0.21304846330624297,  43.92389702796936  ,       2.0, 0.945             , 0.010219851855724537 ,                                831
8126238.ply,    0.07341122627258301,         7.0, 0.36657503075406983,  27.102115392684937 ,       1.0, 1.0               , 0.006386252139367205 ,                                829
8126325.ply,    0.07323789596557617,         6.0, 0.3696025388327252 ,  22.629028797149658 ,       2.0, 0.9996666666666667, 0.006611585732122485 ,                                645
8126327.ply,    0.10257577896118164,         1.0, 0.09776553552622633,  29.709534168243408 ,       1.0, 1.0               , 0.006368067023201923 ,                                752
8126425.ply,    0.07356691360473633,         4.0, 0.21266241483861256,  44.21244215965271  ,       3.0, 0.9436666666666667, 0.01034387045366636  ,                                776
8139623.ply,    0.12781286239624023,         1.0, 0.14750535610378593,  26.02138924598694  ,       6.0, 0.8833333333333333, 0.007873341272245496 ,                                551
8139718.ply,    0.07362866401672363,         1.0, 0.2542026439690569 ,  13.77708888053894  ,       1.0, 1.0               , 0.0057562194404209245,                               1068
8139855.ply,    0.07350564002990723,         1.0, 0.24786133257581494,  19.12797999382019  ,       1.0, 1.0               , 0.005204533972464572 ,                                  0
8141343.ply,    0.0733335018157959 ,         2.0, 0.6906387411113273 ,   2.2489840984344482,       2.0, 1.0               , 0.0018127548193646583,                               2692
8141860.ply,    0.07324337959289551,         2.0, 0.19502397311913244,  40.069944620132446 ,       1.0, 0.9493333333333334, 0.008921927846383997 ,                                426
8143504.ply,    0.07319974899291992,         3.0, 0.2109435718462083 ,  46.26360821723938  ,       1.0, 0.947             , 0.011476176013643976 ,                                680
8144696.ply,    0.09236383438110352,         1.0, 0.4499807368070195 ,   7.167873382568359 ,       1.0, 1.0               , 0.003962009817241181 ,                               1336
8148795.ply,    0.07416319847106934,         4.0, 0.27764286323651227,  19.101441860198975 ,       1.0, 1.0               , 0.005377615447198028 ,                                634
8149518.ply,    0.07352304458618164,         2.0, 0.20919314718749374,  45.658007860183716 ,       3.0, 0.9423333333333334, 0.010779731314826771 ,                                740
8150394.ply,    0.07076382637023926,         3.0, 0.9894172258127542 ,   1.4426279067993164,       2.0, 1.0               , 0.0020439914381928247,                               2610
8155627.ply,    0.08804464340209961,         3.0, 0.3276657035702886 ,  33.06831979751587  ,       1.0, 0.9446666666666667, 0.008438550062305273 ,                                391
8158965.ply,    0.07464408874511719,         7.0, 0.8765274908955611 ,   7.140479326248169 ,       1.0, 0.9163333333333333, 0.008888777966269037 ,                                268
8166038.ply,    0.07427740097045898,         5.0, 0.41213017517231904,  32.464741468429565 ,       1.0, 1.0               , 0.008081007957279163 ,                                880
8166043.ply,    0.07652068138122559,         1.0, 0.1859556105439977 ,  27.344976902008057 ,       1.0, 1.0               , 0.007703638682525134 ,                                573
8171486.ply,    0.07380962371826172,         1.0, 0.18072183494071226,   6.854177713394165 ,       1.0, 1.0               , 0.005133833749644883 ,                               1831
8172406.ply,    0.07379889488220215,         1.0, 0.4619509131227494 ,  38.8757688999176   ,       1.0, 0.916             , 0.00988909073471395  ,                                312
8172410.ply,    0.07332444190979004,         1.0, 0.29592895081996434,  28.411266565322876 ,       2.0, 0.8813333333333333, 0.01038270532700467  ,                                145
8172412.ply,    0.11820411682128906,        11.0, 0.9908356150886583 ,   8.005755424499512 ,       1.0, 0.9613333333333334, 0.008039523765925143 ,                                600
8172414.ply,    0.09067487716674805,        13.0, 1.0012001221143074 ,   7.201105833053589 ,          ,                   ,                      ,                                423
8174395.ply,    0.12810730934143066,        11.0, 0.9646979505732299 ,   6.575463533401489 ,       1.0, 0.9393333333333334, 0.00610278467809992  ,                                782
8174397.ply,    0.07338738441467285,         3.0, 0.29389445563935895,  21.312400102615356 ,       1.0, 1.0               , 0.004969939907204547 ,                               1064
8176904.ply,    0.08170413970947266,         7.0, 0.8908199924026057 ,   5.85893177986145  ,       1.0, 0.7283333333333334, 0.011741961682601556 ,                                285
8176966.ply,    0.09023094177246094,         2.0, 0.32425511109326677,  14.209047079086304 ,       1.0, 0.862             , 0.011673990894198976 ,                                207
8176978.ply,    0.10413742065429688,         2.0, 0.29886668283796586,  14.532943487167358 ,       1.0, 0.8693333333333333, 0.01201845508259235  ,                                105
8178944.ply,    0.07363343238830566,         2.0, 0.23224427328950145,  28.657129764556885 ,       1.0, 1.0               , 0.004701358167391572 ,                               1027
8179499.ply,    0.08378148078918457,       104.0, 1.64774099039825   ,  14.728171110153198 ,          ,                   ,                      ,                                317
8179589.ply,    0.14644670486450195,        13.0, 0.7826086348176168 ,  14.5930335521698   ,       2.0, 0.8393333333333334, 0.01176293494509798  ,                                101
8179592.ply,    0.08040237426757812,        11.0, 0.9065648700027841 ,  10.51352310180664  ,       2.0, 0.8403333333333334, 0.01133191513945266  ,                                 63
8179609.ply,    0.08043169975280762,         1.0, 0.20772429887716273,  17.04959464073181  ,       1.0, 0.8826666666666667, 0.009561056680448094 ,                                142
8179611.ply,    0.07421588897705078,         6.0, 0.48757044895947155,  12.728301763534546 ,       1.0, 0.873             , 0.010765539118768768 ,                                163
8179614.ply,    0.07341933250427246,        12.0, 0.9304461912657823 ,   9.570572853088379 ,       1.0, 0.813             , 0.011394613603892021 ,                                122
8179617.ply,    0.07783794403076172,         3.0, 0.9539321159453883 ,   2.833531141281128 ,       1.0, 0.8676666666666667, 0.008620409489374169 ,                                427
8179627.ply,    0.12121939659118652,         1.0, 0.5240835952378572 ,   1.3737947940826416,       2.0, 0.983             , 0.00504958344634885  ,                               1813
8179629.ply,    0.07331466674804688,         2.0, 0.36632093317356906,  14.119779825210571 ,       1.0, 0.8723333333333333, 0.010352673377063934 ,                                309
8179631.ply,    0.09584426879882812,         3.0, 0.3616993520250148 ,  14.560324430465698 ,       1.0, 0.8596666666666667, 0.010580257497196013 ,                                281
8181146.ply,    0.07986235618591309,        12.0, 1.0315455367528548 ,   6.210958957672119 ,          ,                   ,                      ,                                335
8181152.ply,    0.08014488220214844,         3.0, 0.3642246492716844 ,  21.10500192642212  ,       1.0, 0.9876666666666667, 0.007514983006044566 ,                                592
8181354.ply,    0.07997274398803711,         2.0, 0.2409882860548916 ,  25.545029401779175 ,       1.0, 0.8923333333333333, 0.01074477546844165  ,                                453
8181356.ply,    0.07374191284179688,        11.0, 1.1926758372839774 ,   3.119339942932129 ,          ,                   ,                      ,                               1696
8186079.ply,    0.07323455810546875,        24.0, 0.9989371017481841 ,  12.235190391540527 ,      17.0, 0.763             , 0.010231373546883686 ,                                108
8188922.ply,    0.10493731498718262,         1.0, 0.331579468476846  ,  13.172541618347168 ,       1.0, 1.0               , 0.005774490571150848 ,                               1039
8188926.ply,    0.16979598999023438,         1.0, 0.27274613366234135,   5.602392673492432 ,       1.0, 1.0               , 0.004914630289463031 ,                               1590
8188996.ply,    0.07076692581176758,            ,                    ,   5.5645740032196045,          ,                   ,                      ,                               2574
